﻿<?xml version="1.0" encoding="utf-8"?>
<manifest identifier="_5nWbkIdKCCo" version="1.0" xmlns="http://www.imsproject.org/xsd/imscp_rootv1p1p2" xmlns:adlcp="http://www.adlnet.org/xsd/adlcp_rootv1p2" xmlns:xsi="http://www.w3.org/2001/XMLSchema-instance" xsi:schemaLocation="http://www.imsproject.org/xsd/imscp_rootv1p1p2 imscp_rootv1p1p2.xsd http://www.imsglobal.org/xsd/imsmd_rootv1p2p1 imsmd_rootv1p2p1.xsd http://www.adlnet.org/xsd/adlcp_rootv1p2 adlcp_rootv1p2.xsd">
  <metadata>
    <schema>ADL SCORM</schema>
    <schemaversion>1.2</schemaversion>
    <lom xmlns="http://www.imsglobal.org/xsd/imsmd_rootv1p2p1" xmlns:xsi="http://www.w3.org/2001/XMLSchema-instance" xsi:schemaLocation="http://www.imsglobal.org/xsd/imsmd_rootv1p2p1 imsmd_rootv1p2p1.xsd">
      <general>
        <title>
          <langstring xml:lang="x-none">FSI MTT102 - Scored Simulations</langstring>
        </title>
      </general>
      <lifecycle>
        <version>
          <langstring xml:lang="x-none">1</langstring>
        </version>
        <status>
          <source>
            <langstring xml:lang="x-none">LOMv1.0</langstring>
          </source>
          <value>
            <langstring xml:lang="x-none">Final</langstring>
          </value>
        </status>
      </lifecycle>
      <metametadata>
        <metadatascheme>ADL SCORM 1.2</metadatascheme>
      </metametadata>
      <educational>
        <typicallearningtime>
          <datetime>PT0H0M0S</datetime>
        </typicallearningtime>
      </educational>
      <rights>
        <cost>
          <source>
            <langstring xml:lang="x-none">LOMv1.0</langstring>
          </source>
          <value>
            <langstring xml:lang="x-none">yes</langstring>
          </value>
        </cost>
        <copyrightandotherrestrictions>
          <source>
            <langstring xml:lang="x-none">LOMv1.0</langstring>
          </source>
          <value>
            <langstring xml:lang="x-none">yes</langstring>
          </value>
        </copyrightandotherrestrictions>
      </rights>
    </lom>
  </metadata>
  <organizations default="FSI_MTT102_-_Scored_Simulations_ORG">
    <organization identifier="FSI_MTT102_-_Scored_Simulations_ORG">
      <title>FSI MTT102 - Scored Simulations</title>
      <item identifier="FSI_MTT_102_SCO" isvisible="true" identifierref="__5nWbkIdKCCo_RES">
        <title>FSI MTT102 - Scored Simulations</title>
      </item>
    </organization>
  </organizations>
  <resources>
    <resource identifier="__5nWbkIdKCCo_RES" type="webcontent" href="index_lms.html" adlcp:scormtype="sco">
      <file href="story_content/thumbnail.jpg" />
      <file href="mobile/5y56M5Muzmx.png" />
      <file href="mobile/5cf5vgA1NFK.png" />
      <file href="mobile/6moChBCyYGE.png" />
      <file href="mobile/6irfWTsQf54.png" />
      <file href="mobile/5wvhaMxwtSQ.png" />
      <file href="story_content/6i460wtFX8t_44100_48_0.mp3" />
      <file href="story_content/65Sxe0a1YWr_captions.js" />
      <file href="mobile/5jGVJOt2WBj.png" />
      <file href="story_content/5j7dBxNaXWx_44100_48_0.mp3" />
      <file href="story_content/6iNNEytt32R_captions.js" />
      <file href="story_content/6BfT68dgzno_44100_48_0.mp3" />
      <file href="story_content/6oQWgqxuehb_captions.js" />
      <file href="story_content/6jJYP0Dh2De_44100_48_0.mp3" />
      <file href="story_content/6dc0zg51o5i_44100_48_0.mp3" />
      <file href="story_content/6dvFybvlm5h_44100_48_0.mp3" />
      <file href="story_content/6ikSFMdnfFM_44100_48_0.mp3" />
      <file href="story_content/6ZlLWfOp6Yu_captions.js" />
      <file href="story_content/6Pic4PVIOJk_44100_48_0.mp3" />
      <file href="story_content/6pOXzDQxc6e_44100_48_0.mp3" />
      <file href="story_content/6FWH3pqAmpJ_44100_48_0.mp3" />
      <file href="meta.xml" />
      <file href="story_content/triggers.js" />
      <file href="story_content/user.js" />
      <file href="html5/data/css/output.min.css" />
      <file href="html5/data/js/5aqAF15cpS4.js" />
      <file href="html5/data/js/5bIecVoUWzK.js" />
      <file href="html5/data/js/5hfrYFBjnQj.js" />
      <file href="html5/data/js/5jDadQb2NTI.js" />
      <file href="html5/data/js/5jE5TTrhudc.js" />
      <file href="html5/data/js/5nF3PkFob6X.js" />
      <file href="html5/data/js/5o45Xd4qE0Q.js" />
      <file href="html5/data/js/5oG9tzmjQnY.js" />
      <file href="html5/data/js/5oZLdVbM4bX.js" />
      <file href="html5/data/js/5phl9Zn0TfI.js" />
      <file href="html5/data/js/5t5LnLjcRJO.js" />
      <file href="html5/data/js/5VGzr8cnxie.js" />
      <file href="html5/data/js/5yNLWn3e3ay.js" />
      <file href="html5/data/js/5Zauq38D8Lj.js" />
      <file href="html5/data/js/5ZJT2y4AYyX.js" />
      <file href="html5/data/js/64hPXGYR5tO.js" />
      <file href="html5/data/js/64TTziHH14e.js" />
      <file href="html5/data/js/65BR2xdnFiB.js" />
      <file href="html5/data/js/66OxxB44Y2g.js" />
      <file href="html5/data/js/66XRbzDBGbI.js" />
      <file href="html5/data/js/682gq49Utm9.js" />
      <file href="html5/data/js/6AghvEal2a9.js" />
      <file href="html5/data/js/6BD8CKVIbot.js" />
      <file href="html5/data/js/6duMfkomG7z.js" />
      <file href="html5/data/js/6EWG7ef7wUN.js" />
      <file href="html5/data/js/6GekKmO5lvG.js" />
      <file href="html5/data/js/6gjioDcS8C7.js" />
      <file href="html5/data/js/6HivtL8RDxr.js" />
      <file href="html5/data/js/6L7yV8oV5xQ.js" />
      <file href="html5/data/js/6LhzoGUXkGY.js" />
      <file href="html5/data/js/6mdH00yKZ8i.js" />
      <file href="html5/data/js/6o2aq3KD01J.js" />
      <file href="html5/data/js/6PLrexMaQCj.js" />
      <file href="html5/data/js/6Q4R1e5xdVq.js" />
      <file href="html5/data/js/6Q6t0UvRugC.js" />
      <file href="html5/data/js/6Q8t2ZBrIdT.js" />
      <file href="html5/data/js/6QdeoSrJIB5.js" />
      <file href="html5/data/js/6rijfqpDUrj.js" />
      <file href="html5/data/js/6Tn88NdNunl.js" />
      <file href="html5/data/js/6Trx4rtJ4vD.js" />
      <file href="html5/data/js/6VzLkSRLVxN.js" />
      <file href="html5/data/js/6XBtswTqqYD.js" />
      <file href="html5/data/js/6XdX9Sv40ce.js" />
      <file href="html5/data/js/6XkbT8M4p8I.js" />
      <file href="html5/data/js/6XQpmeDHT4O.js" />
      <file href="html5/data/js/6YQqJ0X2I4X.js" />
      <file href="html5/data/js/data.js" />
      <file href="html5/data/js/frame.js" />
      <file href="html5/data/js/paths.js" />
      <file href="html5/lib/scripts/bootstrapper.min.js" />
      <file href="html5/lib/scripts/frame.desktop.min.js" />
      <file href="html5/lib/scripts/frame.mobile.min.js" />
      <file href="html5/lib/scripts/slides.min.js" />
      <file href="html5/lib/stylesheets/desktop.min.css" />
      <file href="html5/lib/stylesheets/mobile.min.css" />
      <file href="html5/lib/stylesheets/mobile-fonts/open-sans-bold.woff" />
      <file href="html5/lib/stylesheets/mobile-fonts/open-sans-light.woff" />
      <file href="html5/lib/stylesheets/mobile-fonts/open-sans-regular.woff" />
      <file href="analytics-frame.html" />
      <file href="story.html" />
      <file href="index_lms.html" />
      <file href="lms/AICCComm.html" />
      <file href="lms/blank.html" />
      <file href="lms/browsersniff.js" />
      <file href="lms/goodbye.html" />
      <file href="lms/scormdriver.js" />
    </resource>
  </resources>
</manifest>